filename,class,confidence,x1,y1,x2,y2
00000_00000_00000_png_jpg.rf.fe38518f555b8b4d139ed0a31adee9fc.jpg,Speed limit 20 Kph,0.8972234129905701,51.99621582,128.0520477294922,602.2373047,591.1309204101562
00000_00000_00014_png_jpg.rf.da4d304ccb4fd7555f5c291bed572107.jpg,"Speed limit 20 Kph, Beware of children",0.8981055021286011,34.01409912109375,67.31475830078125,608.9311523,600.3768920898438
00000_00000_00018_png_jpg.rf.4eff8cf87317fad6622f1d00b81d575e.jpg,Speed limit 20 Kph,0.8730221390724182,39.22607422,73.85107422,609.9811401367188,603.6695556640625
00000_00000_00019_png_jpg.rf.923c0a404dce9e2518dcff1a64cd7e04.jpg,Speed limit 20 Kph,0.8753820061683655,49.02148438,80.25,627.2308349609375,618.9956055
00000_00000_00021_png_jpg.rf.f0f74c580fb71be6df258535e2d301af.jpg,Speed limit 20 Kph,0.8749409914016724,31.50238037109375,42.77807617,626.0571899414062,602.8789063
00000_00000_00022_png_jpg.rf.66ace55a624f81aacdd7c0e797a807ed.jpg,Speed limit 20 Kph,0.8966760635375977,25.48303223,53.59155273,620.5960083007812,621.5163574
00000_00000_00026_png_jpg.rf.74f42ba9f72a05021d3c69ae8f627443.jpg,Speed limit 20 Kph,0.8871341347694397,27.1619873,61.59832763671875,625.8422852,611.4237670898438
00000_00000_00027_png_jpg.rf.2e8daf471816f68d56e4c60af50a1fc1.jpg,Speed limit 20 Kph,0.8622645735740662,63.1965332,123.8187255859375,583.0404052734375,585.6907348632812
00000_00001_00009_png_jpg.rf.2148768d9db459fddaa733357aa511d8.jpg,Speed limit 20 Kph,0.8997321724891663,59.74444580078125,98.30010986328125,604.1657104492188,563.9723510742188
00000_00001_00019_png_jpg.rf.4acf228bfbd18aac5850d9bc70d7bff2.jpg,Speed limit 20 Kph,0.6463898420333862,103.09466552734375,88.4864502,569.3242797851562,590.0538940429688
00000_00002_00003_png_jpg.rf.77cf53bb964a761a3a2a13073c0f352e.jpg,Speed limit 20 Kph,0.34483566880226135,86.08555603027344,88.51612854003906,586.9868164,576.7042236328125
00000_00002_00004_png_jpg.rf.509aa4bd8f5811024613d4aebb2ad91d.jpg,Speed limit 20 Kph,0.8995492458343506,98.0090332,109.84864807128906,574.8299560546875,552.2990723
00000_00002_00006_png_jpg.rf.50c9b7f1f587879060ba298592bfce77.jpg,Speed limit 20 Kph,0.8988510966300964,72.76293945,92.30169677734375,597.6269531,576.3294677734375
00000_00002_00012_png_jpg.rf.b62bc5b3c9df35b5408952697df88d74.jpg,Speed limit 20 Kph,0.8870425820350647,58.7791748,51.91900634765625,608.0998535,590.6664428710938
00000_00002_00015_png_jpg.rf.ef76297605ed889f41569a1e1e3924d2.jpg,Speed limit 20 Kph,0.9002454876899719,29.70245361328125,36.9284668,619.3963623046875,612.3615723
00000_00002_00022_png_jpg.rf.e73d9cbf8f513cbf611d447b0e696385.jpg,Speed limit 20 Kph,0.8118337392807007,56.66882324,114.72288513183594,596.5902099609375,594.6313477
00000_00002_00029_png_jpg.rf.c4f12857b8783cdb7cc5c6346675c0a0.jpg,Speed limit 20 Kph,0.9260140061378479,28.64953613,16.38000488,628.5283203,612.9918212890625
00000_00003_00001_png_jpg.rf.641b885d9f5ecae387ec724ac331b743.jpg,No_Over_Taking,0.9391254782676697,24.86828613,13.36242676,634.3227539,612.6171875
00000_00003_00008_png_jpg.rf.14fd4eb2f715415eb09c571c240a1e43.jpg,Speed limit 20 Kph,0.9366887807846069,29.35552978515625,9.407104492,633.5770874023438,603.6831055
00001_00017_00023_png_jpg.rf.e87f9a462cfe012b8029a900e81af222.jpg,Speed limit 30 Kph,0.9430014491081238,29.49688720703125,7.684448242,625.6046752929688,614.3902587890625
00001_00017_00025_png_jpg.rf.e6855b3207475e09658480d8ff9df0b5.jpg,Speed limit 30 Kph,0.9384840726852417,25.32470703,12.68341064453125,624.3419799804688,599.7844238
00001_00017_00026_png_jpg.rf.5a0047279f9f590ae2b5985de359d1e9.jpg,Speed limit 30 Kph,0.9391453862190247,25.49145508,30.91430664,631.0433349609375,594.2219238
00001_00017_00027_png_jpg.rf.defc124e9ba6918bbfe6b75597a795e1.jpg,Speed limit 30 Kph,0.9350223541259766,31.70996094,40.99743652,639.8493652,615.6131591796875
00001_00017_00028_png_jpg.rf.bf785ae96529aafeda6d4c362d809c97.jpg,Speed limit 30 Kph,0.9259352087974548,23.17370605,42.08868408203125,627.2528076171875,617.8411254882812
00001_00017_00029_png_jpg.rf.3a77b5a7d17c2db087bdfe2325650a8a.jpg,Speed limit 30 Kph,0.9370890855789185,30.49688720703125,35.85058594,627.4996948242188,596.230957
00001_00018_00015_png_jpg.rf.a211e8fcc4e23c2d902929a42ac8ef28.jpg,Speed limit 30 Kph,0.9342341423034668,31.61981201171875,37.75317383,629.7838134765625,602.0650634765625
00001_00018_00016_png_jpg.rf.0469c3ebc56ee39c382a4caf31687573.jpg,Speed limit 30 Kph,0.9333765506744385,28.69500732421875,34.6027832,637.3224487304688,600.0631103515625
00001_00018_00017_png_jpg.rf.d209854c13d95416f1ebf61e262b4a79.jpg,Speed limit 30 Kph,0.9335458874702454,26.26348876953125,39.14013672,638.9309082,595.2446289
00001_00018_00018_png_jpg.rf.ccbb307f1dc67d83d6309c83241caf3a.jpg,Speed limit 30 Kph,0.9361230731010437,26.11791992,30.02978516,631.6732177734375,601.8985595703125
00001_00018_00019_png_jpg.rf.59b7c69c86e7845aebaed3578beb8a09.jpg,Speed limit 30 Kph,0.9347631931304932,29.13189697265625,25.4630127,635.7905273,613.3339844
00001_00018_00020_png_jpg.rf.8e6f5da03d6ded4caabe323e2acc1a95.jpg,Speed limit 30 Kph,0.9367456436157227,15.50097656,33.91125488,638.0493164,602.097168
00001_00018_00021_png_jpg.rf.8b1b78e80912c64af8986363755b2b8c.jpg,Speed limit 30 Kph,0.9398475289344788,22.61621094,31.42181396484375,634.3482666015625,602.8754883
00001_00018_00022_png_jpg.rf.d6752a0e4af4aa736aa70d19bd0f3462.jpg,Speed limit 30 Kph,0.9397709369659424,13.82635498046875,30.09387207,637.6589965820312,602.5319824
00001_00018_00023_png_jpg.rf.5b97a0b3fefd03df0b45bff42a65ee8d.jpg,Speed limit 30 Kph,0.9427555799484253,17.86175537109375,13.69012451171875,630.0874023,601.8688354492188
00001_00018_00024_png_jpg.rf.014c920f721df797ba8d57ef59d022b3.jpg,Speed limit 30 Kph,0.9351468682289124,25.75354004,17.85186767578125,634.4873047,613.9635009765625
00001_00018_00025_png_jpg.rf.2c3578962232b20fc4de0e52514fe805.jpg,Speed limit 30 Kph,0.9394697546958923,27.31011962890625,26.32531738,628.8039551,614.5369873046875
00001_00018_00026_png_jpg.rf.c9af647409ab7a4a762e293ecf64d27d.jpg,Speed limit 30 Kph,0.8119569420814514,92.12664794921875,138.9019317626953,574.2265625,566.2240600585938
00001_00018_00027_png_jpg.rf.5b8c1471f0469a2531141886f253a317.jpg,Speed limit 30 Kph,0.8106757402420044,82.47975158691406,105.5825195,583.6163330078125,552.9044189453125
00001_00018_00028_png_jpg.rf.c2e820ac847e0506349ffaf7a12f0893.jpg,Speed limit 30 Kph,0.9038063287734985,101.63568115234375,110.3068848,597.3114013671875,559.8972168
00001_00022_00000_png_jpg.rf.b051bc4b6a27efb7cd87bc8520832011.jpg,Speed limit 30 Kph,0.9215154051780701,98.58770751953125,118.34515380859375,589.0936279296875,555.5352172851562
00001_00022_00001_png_jpg.rf.4d855e845db96db92346b0a79e518049.jpg,"Speed limit 20 Kph, Speed limit 30 Kph",0.9296236038208008,97.30155944824219,113.19404602050781,591.4651489257812,543.8657836914062
00001_00022_00002_png_jpg.rf.e40b266c9752bd5a5b94ad372fdc8914.jpg,"Speed limit 20 Kph, Speed limit 30 Kph",0.9286698698997498,90.96411133,119.13014221191406,577.9888916015625,582.8381348
00001_00022_00003_png_jpg.rf.943bcec51e0351de4db0ef9a76c81f5a.jpg,Speed limit 30 Kph,0.9278941750526428,92.96478271484375,118.11199951171875,585.6263427734375,569.1516113
00001_00022_00005_png_jpg.rf.c7d723282aeca6b0cb903cd4a73e0f7e.jpg,Speed limit 30 Kph,0.9297156929969788,98.03704833984375,89.99127197265625,594.2195434570312,558.0924682617188
00001_00022_00007_png_jpg.rf.aba54c15b156bf358816ed6fb88e8579.jpg,Speed limit 30 Kph,0.9297019839286804,63.80291748046875,80.04547119140625,577.111084,580.5029907226562
00001_00022_00008_png_jpg.rf.ec09f9bc2676fc934c71fa2897deb06a.jpg,Speed limit 30 Kph,0.9269874691963196,62.39227294921875,76.86102294921875,609.2833862304688,591.1079711914062
00001_00022_00009_png_jpg.rf.bfa1b52a5ca9d017719a707523cd7200.jpg,"Speed limit 30 Kph, Speed limit 60 Kph",0.9267572164535522,77.07989501953125,78.58526611328125,611.6330566,599.8494873046875
00001_00022_00011_png_jpg.rf.af43f516d0e8c9e8d2729265dc82fb7e.jpg,Speed limit 30 Kph,0.9258944988250732,76.42718505859375,82.06494141,603.0017700195312,609.1608887
00001_00022_00013_png_jpg.rf.83afedf104acebfd35dba9d195776125.jpg,Speed limit 30 Kph,0.926642656,59.23071289,69.35046387,575.9971923828125,585.1009521484375
00001_00022_00015_png_jpg.rf.4178502fcdcd2f9ff439e7cfeb54c119.jpg,Speed limit 30 Kph,0.9317103028297424,59.72149658203125,78.11993408203125,591.2969360351562,627.7339477539062
00001_00022_00016_png_jpg.rf.f6d001b66f997412c7c5d32188a5598b.jpg,Speed limit 30 Kph,0.9325950741767883,43.20599365234375,46.97851563,600.6758422851562,595.9958496
00001_00022_00017_png_jpg.rf.241d3581dcc3371d7d369a27d1049c1d.jpg,Speed limit 30 Kph,0.928272545,44.45019531,44.43737793,600.8038940429688,600.1314697265625
00001_00022_00018_png_jpg.rf.e73be464c0c48210b7d01a9f48a32c5b.jpg,Speed limit 30 Kph,0.9286794066429138,46.36480712890625,44.99584961,597.2185668945312,595.2413330078125
00001_00022_00019_png_jpg.rf.e68b081cdee2783a2b69cf3255fe6428.jpg,Speed limit 30 Kph,0.9198237657546997,58.87152099609375,44.81304931640625,584.8234252929688,591.3893432617188
00001_00022_00021_png_jpg.rf.002462c4a72013a0449ca19e975e3120.jpg,Speed limit 30 Kph,0.9253212213516235,57.09613037109375,42.41357422,595.5441284179688,589.5051879882812
00001_00022_00022_png_jpg.rf.7a91d9c7fa4f09fcf6da10566350dbc4.jpg,Speed limit 30 Kph,0.9271121621131897,44.82312012,42.20153809,596.4677734,592.2490844726562
00001_00022_00024_png_jpg.rf.3879e6d2b9714e57aa6014b0bdbbe403.jpg,Speed limit 30 Kph,0.9311913847923279,35.6340332,43.29693603515625,603.8393555,589.1472168
00001_00022_00025_png_jpg.rf.bd160c2ec733f25a8247b698c46bb30a.jpg,Speed limit 30 Kph,0.9309406280517578,34.0234375,47.47192383,594.9411621,594.6702880859375
00001_00022_00026_png_jpg.rf.4932c87f6c4568c4f7616fa4b9f6027d.jpg,Speed limit 30 Kph,0.5101284384727478,84.76251220703125,24.79638672,579.8361206054688,535.5713500976562
00001_00022_00028_png_jpg.rf.d08ba75353c4d75d2d03e623db09da9c.jpg,Speed limit 30 Kph,0.4512266218662262,67.19573974609375,75.54998779296875,585.0180053710938,599.3042602539062
00001_00022_00029_png_jpg.rf.444e54096a8295b8e03495b68ba4a176.jpg,Speed limit 30 Kph,0.898335338,70.58367919921875,18.78387451171875,590.5380249023438,549.1776123046875
00001_00025_00003_png_jpg.rf.70df4faaf44b96572d10f86f07c65578.jpg,Speed limit 30 Kph,0.9225753545761108,36.17993164,59.17559814453125,609.0372314453125,586.4910278320312
00001_00025_00004_png_jpg.rf.d01066e3dfb61206395b04ee778353cb.jpg,Speed limit 30 Kph,0.9303447604179382,43.12432861328125,73.58152770996094,587.7951049804688,585.4700927734375
00001_00025_00005_png_jpg.rf.cfb4bd4081987fc6cd6c37d4704a205f.jpg,Speed limit 30 Kph,0.9301537275314331,63.77227783203125,72.51342773,600.1024780273438,588.5810547
00001_00025_00008_png_jpg.rf.75157c267a406b2544c7392ed7cd5830.jpg,Speed limit 30 Kph,0.925487757,64.32867431640625,56.45556641,613.4486083984375,576.7858887
00001_00025_00010_png_jpg.rf.d27109af265c9e1bcfdf0cb3e76bf4b3.jpg,Speed limit 30 Kph,0.9242332577705383,56.46734619140625,65.2791748,611.1140137,581.6319580078125
00001_00025_00011_png_jpg.rf.b875f944adeb3305fc047a29e2bfcf92.jpg,Speed limit 30 Kph,0.41606995463371277,0,74.31816101074219,575.953125,566.0881958007812
00001_00027_00024_png_jpg.rf.fa64c5d94cd2490db3d5b29d81e4e8de.jpg,Speed limit 30 Kph,0.589208722,95.72605895996094,109.98347473144531,545.5540771484375,541.8742065429688
00001_00027_00025_png_jpg.rf.e3a64f9c3cc29b7e249ef5cc17f4ad0f.jpg,Speed limit 30 Kph,0.8433502912521362,78.13645935058594,107.33540344238281,562.6712646484375,540.1848754882812
00001_00027_00026_png_jpg.rf.a00a3a013a5c242ae88ebbff8012581b.jpg,Speed limit 30 Kph,0.6449699401855469,96.84977722167969,138.5479736328125,550.8833618164062,583.4019775390625
00001_00027_00028_png_jpg.rf.07716bb1d6ef22558d6c7436b0e69973.jpg,Speed limit 30 Kph,0.9093564748764038,0,128.83506774902344,581.9127197265625,588.3857422
00001_00027_00029_png_jpg.rf.04a2accee8e6d3a219f4875c71da527b.jpg,Speed limit 30 Kph,0.4976663291454315,179.4036865234375,0.078720093,640,128.20529174804688
00001_00028_00000_png_jpg.rf.8fb7b0ca979d727a9cd77feb9123c0fe.jpg,Speed limit 30 Kph,0.9112626314163208,105.99163818359375,87.57641602,572.7052612304688,572.4157715
00001_00028_00002_png_jpg.rf.c9daca45f5a6c1e86be87153be8bdba1.jpg,Speed limit 30 Kph,0.9193570613861084,75.24290466308594,93.86119079589844,586.052002,584.5093994140625
00001_00028_00003_png_jpg.rf.5dcabfcdff562b7f27a592bd512444ca.jpg,Speed limit 30 Kph,0.9197954535484314,79.49401855,89.55273438,577.4163818359375,573.8815918
00001_00028_00004_png_jpg.rf.8c5c67ef3939a2413e5b6696d6e1ab35.jpg,Speed limit 30 Kph,0.9147537350654602,58.37786865234375,47.68005371,588.6151733398438,584.465332
00001_00028_00006_png_jpg.rf.8b7a04b6b7dc70d4295c4a6ba71aeaad.jpg,Speed limit 30 Kph,0.9258492588996887,47.41314697265625,70.30450439453125,605.5150146484375,588.5923461914062
00001_00028_00012_png_jpg.rf.50238028e270d2b53f0813abdff218bf.jpg,Speed limit 30 Kph,0.928689718,42.91094970703125,58.74627685546875,595.9536743164062,599.4022216796875
00001_00028_00013_png_jpg.rf.5e21e218942d686b9c5cdf88d95be1f1.jpg,Speed limit 30 Kph,0.9367136359214783,31.87280273,64.62176513671875,604.1823120117188,594.9439086914062
00001_00028_00014_png_jpg.rf.cab9af8a88d212c6afdc678d2e6ddade.jpg,Speed limit 30 Kph,0.922578752,35.76794434,45.23669434,592.8594970703125,587.1954345703125
00001_00028_00015_png_jpg.rf.91ccd37f12b32df6bd91e45f4abc6224.jpg,Speed limit 30 Kph,0.9337160587310791,32.32415771484375,94.54150391,591.6242065429688,629.4194336
00001_00028_00021_png_jpg.rf.03b51c482ca0726f56887791ea38537e.jpg,Speed limit 30 Kph,0.9341058731079102,27.65313720703125,71.23150634765625,595.9058837890625,586.8472900390625
00001_00028_00022_png_jpg.rf.bdfb4ad0e01149370e078381295ec228.jpg,Speed limit 30 Kph,0.9249905347824097,67.37878418,111.27030944824219,604.6885986328125,604.6111450195312
00001_00028_00023_png_jpg.rf.db8c75fbd3310033363c6fdc43d24858.jpg,Speed limit 30 Kph,0.9254056811332703,49.15179443359375,58.71728516,597.3511352539062,586.4112548828125
00001_00028_00024_png_jpg.rf.91d25dd1b87224ecd4af4a9994af9f5d.jpg,Speed limit 30 Kph,0.924828291,59.24768066,48.59680176,609.3535156,588.0669555664062
00001_00028_00026_png_jpg.rf.e6e6adb5ff9245f06b61890c504691db.jpg,Speed limit 30 Kph,0.9342959523200989,49.02593994140625,69.73962402,597.2390747070312,600.1561279296875
00001_00028_00027_png_jpg.rf.32032904d1be7b81c55842f43cabe40f.jpg,Speed limit 30 Kph,0.9323212504386902,46.76403809,77.24212646484375,600.0445556640625,576.5764770507812
00001_00028_00028_png_jpg.rf.7f818e327eae8aa48427a39dc178b1bd.jpg,Speed limit 30 Kph,0.9254828691482544,32.15368652,39.06567383,607.8356934,578.6428223
00001_00029_00018_png_jpg.rf.c81741a775edc6ae9209295f8018399f.jpg,Speed limit 30 Kph,0.9266197681427002,34.99694824,66.72705078,606.8116455078125,580.8650512695312
00001_00029_00019_png_jpg.rf.79fee8e5787032ccfc60766f9cc2ca89.jpg,Speed limit 30 Kph,0.9235339760780334,53.22766113,54.85253906,609.3817138671875,590.9829102
00001_00029_00020_png_jpg.rf.61657c25961f827249886bfaec589279.jpg,Speed limit 30 Kph,0.9299870729446411,32.86798095703125,48.27978516,602.9678344726562,599.2517700195312
00001_00029_00021_png_jpg.rf.bf0ae7a4555b6170e53dd24a50e09652.jpg,Speed limit 30 Kph,0.9278734922409058,11.99584961,51.20666504,602.3658447265625,594.4851074
00001_00029_00022_png_jpg.rf.368527ab3f0e56ae4dd6b6f0f1ac2965.jpg,Speed limit 30 Kph,0.27113255858421326,27.20568848,66.76794434,593.7566528320312,599.4678955078125
00001_00029_00023_png_jpg.rf.62b6f8a3116cb28d95294e92a7145f49.jpg,Speed limit 30 Kph,0.7122946977615356,124.51959228515625,87.91784668,585.5549316,576.2069702148438
00001_00029_00024_png_jpg.rf.edb018b9ab3a820f824ca295863ed4a5.jpg,Speed limit 30 Kph,0.8930600881576538,77.01884460449219,92.19512939453125,579.9066772460938,592.0358887
00001_00029_00026_png_jpg.rf.e9a00e3de32f4339927167dfe18cc85f.jpg,Speed limit 30 Kph,0.9242601990699768,91.20367431640625,100.29583740234375,601.9481201171875,601.0419922
00001_00029_00027_png_jpg.rf.e95d03854768c054ffb32b1ce26de3de.jpg,Speed limit 30 Kph,0.9222586154937744,59.06134033203125,57.45428466796875,608.6400146484375,602.7928466796875
00001_00029_00028_png_jpg.rf.59612d014f24dbb494a52e5b66489305.jpg,Speed limit 30 Kph,0.9244479537010193,40.50756836,39.81542969,605.3753662109375,601.220459
00001_00030_00001_png_jpg.rf.e64aadce2d681983d6e1e5e7ab62b331.jpg,No_Over_Taking,0.9210651516914368,42.99853516,52.56713867,587.5345458984375,592.6469727
00001_00030_00002_png_jpg.rf.7b18a7f5e435e0c0d543514e38b5668f.jpg,Speed limit 30 Kph,0.9277753829956055,35.36212158203125,40.31091309,601.9494018554688,591.7921142578125
00001_00030_00005_png_jpg.rf.8207943924f8ccef80504d544a8a6886.jpg,No_Over_Taking,0.9297685623168945,25.55303955078125,75.22351074,576.9204711914062,614.0164794921875
00001_00030_00006_png_jpg.rf.67d0d454020beb7ed03df083570ba3ad.jpg,Speed limit 30 Kph,0.9281772375106812,35.57946777,34.21813965,609.5030517578125,597.9456787109375
00001_00030_00009_png_jpg.rf.08152f2a24cd41ad2c9fc2152fa4bfe5.jpg,Speed limit 30 Kph,0.9331262111663818,30.08374023,63.11779785,594.6271973,596.2537841796875
00001_00030_00016_png_jpg.rf.e641f7321b61e38243df795f6db302f5.jpg,Speed limit 30 Kph,0.9180212020874023,55.6875,52.59271240234375,617.9464111328125,570.5894165039062
00001_00030_00022_png_jpg.rf.e077a176b1d675747036f531c1853a2c.jpg,Speed limit 30 Kph,0.9277766942977905,34.25567626953125,28.8560791,610.7666016,562.8028564453125
00001_00030_00023_png_jpg.rf.503433889bb64688a95b9de3c388955c.jpg,Speed limit 30 Kph,0.9130845069885254,44.61492919921875,38.55529785,606.5779418945312,575.3476563
00001_00030_00024_png_jpg.rf.d063f3d9b724035f054b13de5ca2f3fc.jpg,Speed limit 30 Kph,0.910999596,28.31518555,36.33502197265625,605.1970215,561.6868286132812
00001_00030_00025_png_jpg.rf.b11ce038412bcc2d3d3f7191d8c70302.jpg,Speed limit 30 Kph,0.9169169068336487,30.50201416015625,35.24200439453125,611.1721801757812,553.4950561523438
00001_00030_00026_png_jpg.rf.1e41363437328363c608af64873d5e37.jpg,Speed limit 30 Kph,0.9150634407997131,18.94696044921875,47.12005615234375,609.9257202148438,584.6734619140625
00001_00030_00028_png_jpg.rf.0b8cac524c846c8cc7ba62dbb9a20f48.jpg,Speed limit 30 Kph,0.9190848469734192,19.40905762,36.45922852,611.6708984,553.8735352
00001_00030_00029_png_jpg.rf.f1b88108f5b60a08efbec84c96838db0.jpg,Speed limit 30 Kph,0.9173468947410583,25.86077880859375,37.59307861328125,612.1069946289062,580.8317260742188
00001_00031_00022_png_jpg.rf.9ee3c2db3a9c40ca861834019741e02d.jpg,Speed limit 30 Kph,0.5459706783294678,16.46459961,54.03460693359375,596.2607422,573.3816528320312
00001_00031_00023_png_jpg.rf.e091674943d25f944da2007f9bc487cd.jpg,Speed limit 30 Kph,0.7827179431915283,67.24597168,64.55711364746094,598.7873535,569.6300048828125
00001_00031_00024_png_jpg.rf.9a9dcba1cc9e58c36838b6314074378f.jpg,Speed limit 30 Kph,0.5451714992523193,96.75610352,59.01776123046875,610.4031982421875,573.4453735351562
00001_00031_00025_png_jpg.rf.967760a07b26acd3f30535d8fa5b23d7.jpg,Speed limit 30 Kph,0.9277945756912231,89.62109375,64.82171630859375,600.5921630859375,579.6152954101562
00001_00031_00026_png_jpg.rf.8359d0e7d8507822671f0e3343471146.jpg,Speed limit 30 Kph,0.9246887564659119,95.35308837890625,80.85778809,610.3399658203125,589.5980224609375
00001_00031_00027_png_jpg.rf.ac4f9150a27019dbf8ebf772bc5fd37d.jpg,Speed limit 30 Kph,0.9216685891151428,62.08270263671875,52.81475830078125,598.8817749023438,568.1282958984375
00001_00031_00028_png_jpg.rf.469476702490efbffda872f58e404f37.jpg,Speed limit 30 Kph,0.923995316,67.32373047,108.0825195,582.015625,591.0032348632812
00001_00031_00029_png_jpg.rf.5e7891430d5535fcd160ba08928cf619.jpg,Speed limit 30 Kph,0.9190194010734558,66.78649902,101.40704345703125,596.0098266601562,561.7023926
00001_00032_00000_png_jpg.rf.2259a87e6d9092f6718e56ff7d2329e2.jpg,Speed limit 30 Kph,0.9213963747024536,72.68316650390625,48.71868896484375,614.6325684,571.7066040039062
00001_00032_00001_png_jpg.rf.031b3902d2198eadcde873e876846d9f.jpg,Speed limit 30 Kph,0.9237524271011353,65.33013916015625,74.86199951171875,604.7736816,600.9742431640625
00001_00032_00002_png_jpg.rf.9ecf4d798701725a7243af056c21db8d.jpg,Speed limit 30 Kph,0.9238341450691223,68.62957763671875,49.72631836,609.1539916992188,588.4171142578125
00001_00032_00003_png_jpg.rf.79a3b703875bd3ec1b099b3d5a4bdc1c.jpg,Speed limit 30 Kph,0.9206947088241577,66.80957031,83.36181641,608.5889282226562,598.9442138671875
00001_00032_00004_png_jpg.rf.9fbea6bf63dd626dff6eef2164525057.jpg,Speed limit 30 Kph,0.923943043,58.10119629,51.16583251953125,596.7547607421875,596.1403809
00001_00032_00005_png_jpg.rf.fac6ffc264091df331d61d8581d5a034.jpg,Speed limit 30 Kph,0.9219231009483337,72.64916992,34.3359375,608.4221191,582.7199707
00001_00032_00006_png_jpg.rf.6fe66870b822bcc84089ab87f86cd1cb.jpg,Speed limit 30 Kph,0.9287586808204651,62.86108398,25.38946533203125,599.5072021484375,571.1480712890625
00001_00032_00007_png_jpg.rf.86ab478ecf62f3c02598129f42afc8c7.jpg,Speed limit 30 Kph,0.9180178046226501,12.51599121,73.63500977,580.3607177734375,631.3688965
00001_00032_00009_png_jpg.rf.406b99dc76cac2bfbc3029defa55abac.jpg,Speed limit 30 Kph,0.9321293830871582,62.30670166015625,72.53985595703125,610.0473022460938,614.2990723
00001_00032_00010_png_jpg.rf.57d936fb771faad2e3d9c9a2b956a69c.jpg,Speed limit 30 Kph,0.9168980121612549,53.05230712890625,46.20617676,608.4347534179688,589.9696044921875
00001_00032_00013_png_jpg.rf.e4e4518da37d091f8e376676a90b0276.jpg,Speed limit 30 Kph,0.9217298626899719,38.23565673828125,53.47039794921875,596.1868286132812,572.3640137
00001_00032_00014_png_jpg.rf.9ce787e3288bc2c0dd4f08ba49befe69.jpg,Speed limit 30 Kph,0.9203184843063354,58.26513672,36.26330566,610.3204345703125,567.8847656
00001_00032_00015_png_jpg.rf.fcfc78d4a89c51bd4b848eb425a75028.jpg,Speed limit 30 Kph,0.9196025729179382,34.59985352,31.38208008,609.8634033203125,587.9205932617188
00001_00032_00016_png_jpg.rf.b4b4e66189114a55f95b1664a482734e.jpg,Speed limit 30 Kph,0.9251260161399841,38.25854492,18.88647461,616.1185302734375,590.1875
00001_00032_00017_png_jpg.rf.54f1ff9ae66d3f0ecbf746317e103fdc.jpg,Speed limit 30 Kph,0.9192287921905518,29.30413818359375,18.59820556640625,609.2261352539062,591.6205444335938
00001_00032_00019_png_jpg.rf.5d1f2122b98cecc893e651eccfc5de02.jpg,Speed limit 30 Kph,0.9332798719406128,15.00170898,7.682250977,628.5966797,625.9248047
00001_00032_00020_png_jpg.rf.193bb7e48e4d220e486023019bd3a2e5.jpg,Speed limit 30 Kph,0.9169571995735168,61.58306884765625,25.74206543,593.5897827148438,593.2098388671875
00001_00032_00021_png_jpg.rf.a48a86272c44e9a052b458eb6110b8ac.jpg,Speed limit 30 Kph,0.9238139986991882,66.2713623,33.32165527,607.8745117,588.5639648
00001_00032_00022_png_jpg.rf.31279153bf33e096a823d677533e0023.jpg,Speed limit 30 Kph,0.9165900349617004,45.38336181640625,50.87585449,590.7921142578125,604.4693603515625
00001_00032_00023_png_jpg.rf.3a35b8f38081e38f1af00bce008f4973.jpg,Speed limit 30 Kph,0.9283372163772583,60.84893798828125,34.27801513671875,609.5036010742188,588.7807006835938
00001_00032_00026_png_jpg.rf.6fc2ec40538c1c7246606e7400f738c2.jpg,Speed limit 30 Kph,0.9298151135444641,93.22973633,80.67974853515625,592.8079223632812,562.4155273
00001_00032_00027_png_jpg.rf.6999dbebff2d9d593e94b78aafe577b0.jpg,Speed limit 30 Kph,0.9211283326148987,87.95843505859375,61.49371337890625,590.8739624023438,558.4220581054688
00001_00032_00028_png_jpg.rf.3f45f035898a7395e886fbc515969c14.jpg,Speed limit 30 Kph,0.9243884682655334,61.51959228515625,73.70812988,598.0021362304688,569.6334228515625
00001_00032_00029_png_jpg.rf.71549c96cc98e5f9bc3e3690324e968c.jpg,Speed limit 30 Kph,0.94113636,73.38262939453125,75.52471923828125,604.8043823242188,603.3131713867188
00001_00033_00024_png_jpg.rf.ad5ce4aa39421eecac79ba90d9e447ee.jpg,Speed limit 30 Kph,0.9209871888160706,68.75921630859375,46.6685791,596.9736328,565.2520751953125
00001_00033_00026_png_jpg.rf.93513f78d964ff8bee5b54135ea76900.jpg,Speed limit 30 Kph,0.9372450113296509,55.18548583984375,68.83917236328125,608.9769287109375,604.4942626953125
00001_00033_00027_png_jpg.rf.a01cc971fbbd3ad3c50c2a6be5125dc5.jpg,Speed limit 30 Kph,0.9333289861679077,71.53796387,43.55517578,627.3013916015625,591.0031738
00001_00033_00028_png_jpg.rf.1720cd07731e7341a38270b58a3e2edb.jpg,Speed limit 30 Kph,0.937254012,51.17541504,45.17462158203125,634.6290283203125,615.5560302734375
00001_00034_00014_png_jpg.rf.93839c92e798a01dde0c1bd165bdaca0.jpg,Speed limit 30 Kph,0.9372812509536743,37.20129395,34.5604248,609.2522583007812,600.7010498046875
00001_00034_00015_png_jpg.rf.653fa007a9eb1f3c13b94c3e96c5a963.jpg,Speed limit 30 Kph,0.9294482469558716,45.27709961,47.22747802734375,609.2293701171875,584.9803466796875
00001_00034_00016_png_jpg.rf.11c56fa608372cb276772d6bba6ff175.jpg,Speed limit 30 Kph,0.9328827857971191,56.76495361328125,40.79705810546875,612.4798583984375,591.0752563476562
00001_00034_00017_png_jpg.rf.39418cf95e8754d21c9fcad4758c70dc.jpg,Speed limit 30 Kph,0.9300543069839478,33.69519043,57.46118164,608.1108398,596.3204345703125
00001_00034_00018_png_jpg.rf.d813b8ba50b58972fcc9004460eded12.jpg,Speed limit 30 Kph,0.5863896012306213,38.12463379,49.36601257324219,634.8272705078125,557.2702026367188
00001_00034_00020_png_jpg.rf.c6f3e91cd99d667e9cc923559f837e50.jpg,Speed limit 30 Kph,0.8223978877067566,83.6373291,133.04405212402344,638.7321777,582.1883544921875
00001_00034_00021_png_jpg.rf.c485612fbc3f08473edc546038727681.jpg,Speed limit 30 Kph,0.9150235056877136,63.16290283203125,113.14617919921875,617.9754028320312,580.9362793
00001_00034_00022_png_jpg.rf.9eb729eb202060ad5663076b41a3b8ed.jpg,Speed limit 30 Kph,0.9333176612854004,58.31097412109375,59.85516357421875,611.4200439453125,579.7310791015625
00001_00034_00023_png_jpg.rf.99347a568e3ab042bc3218208a8a6e9e.jpg,Speed limit 30 Kph,0.9261735677719116,63.59332275390625,51.12200927734375,619.1740723,582.7699584960938
00001_00034_00027_png_jpg.rf.fe61d5d7fce752dc3be6d6b8644d9091.jpg,Speed limit 30 Kph,0.9214616417884827,47.49243164,32.60302734,613.7611083984375,576.8050537109375
00001_00034_00028_png_jpg.rf.c01f4889a8bfa599467c074ceca9e082.jpg,Speed limit 30 Kph,0.9303856492042542,48.24279785,60.35742188,627.3972168,577.0657958984375
00001_00034_00029_png_jpg.rf.cd11fd8e2206c0b3faa65b1dc959f878.jpg,Speed limit 30 Kph,0.9232043027877808,33.42260742,39.10003662109375,611.5902099609375,586.7713012695312
00001_00035_00000_png_jpg.rf.764558b4a74b9d1ffea3b2f32506667e.jpg,Speed limit 30 Kph,0.9401099681854248,28.96246337890625,18.95526123046875,620.8391113,610.8541870117188
00001_00035_00001_png_jpg.rf.d8d84c166d972520772c4239ae5d249b.jpg,Speed limit 30 Kph,0.9336404204368591,24.83782958984375,36.87841797,607.9967041015625,609.1038818359375
00001_00035_00002_png_jpg.rf.cd19cbfbc8fb200af18344b8678a3f13.jpg,Speed limit 30 Kph,0.9322233200073242,28.16790771484375,65.65264892578125,612.6817016601562,584.4514770507812
00001_00035_00009_png_jpg.rf.76adae238f78e8a9dd3dd09b4eaf4ad0.jpg,Speed limit 30 Kph,0.9283133745193481,60.66601563,49.08343505859375,608.9984130859375,582.4192504882812
00001_00035_00010_png_jpg.rf.ab34d736b41e87abb150e9491708f715.jpg,Speed limit 30 Kph,0.9289312958717346,43.20458984,40.17669677734375,611.2041016,593.5220336914062
00001_00035_00011_png_jpg.rf.c716f8c3b2b2cab848f133eb40e26e9d.jpg,Speed limit 30 Kph,0.9294854402542114,39.91638184,36.94476318359375,610.3681641,594.1428833007812
00001_00035_00020_png_jpg.rf.4d1fd72997c55fc61d746e7a8f4f180c.jpg,Speed limit 30 Kph,0.9377959370613098,30.10675048828125,18.49261474609375,614.1243896484375,604.5933837890625
00001_00035_00021_png_jpg.rf.fecba84c21192fb9c02a0eb5c5e04582.jpg,Speed limit 30 Kph,0.929545522,22.23120117,30.73535156,616.6265869140625,593.9869384765625
00001_00035_00022_png_jpg.rf.14839f4d8dc3b342237d719307cecec6.jpg,Speed limit 30 Kph,0.9389123320579529,30.07800293,15.98803711,613.3586426,604.8348999023438
00001_00035_00023_png_jpg.rf.31eb24e48eb65de0684e016462c31d58.jpg,Speed limit 30 Kph,0.41533488035202026,0,0,576.7696533203125,549.5938110351562
00001_00035_00024_png_jpg.rf.f9a586d2af484768b5dde533cdce0e94.jpg,Speed limit 30 Kph,0.4037435054779053,17.99072266,0,582.2138672,546.8307495117188
00001_00035_00026_png_jpg.rf.452783585a1401c27b4f057a8a1e9bdb.jpg,Speed limit 30 Kph,0.35829558968544006,47.13793945,0,598.2001953,579.9318848
00001_00035_00028_png_jpg.rf.f8f5f85448ea356a9bbbc529351b4410.jpg,Speed limit 30 Kph,0.268291175,54.77789306640625,114.25836181640625,576.6865844726562,567.286377
00001_00036_00017_png_jpg.rf.41aaf031360034dcaf3beacfb2f3156b.jpg,Speed limit 30 Kph,0.8093209862709045,28.3885498,78.22039794921875,570.3730469,550.8343505859375
00001_00036_00020_png_jpg.rf.bf8dc90b187d90867fbc2c4af481c522.jpg,Speed limit 30 Kph,0.31867924332618713,4.673828125,89.83128356933594,625.6885375976562,548.3852539
00001_00036_00021_png_jpg.rf.3c9d2e8df206c87e8d2f16a92c15603e.jpg,Speed limit 30 Kph,0.7415464520454407,20.30450439453125,41.72015380859375,606.0097045898438,572.7555541992188
00001_00036_00023_png_jpg.rf.627727321816ea3fba311102ab8f180a.jpg,Speed limit 30 Kph,0.6773645877838135,2.309204102,121.92059326171875,601.7967529296875,609.4879150390625
00001_00036_00027_png_jpg.rf.a890f9053c2a9b723fc3d4979eda0f7d.jpg,Speed limit 30 Kph,0.5268359780311584,0,106.95094299316406,593.8781738,548.5369873046875
00001_00036_00028_png_jpg.rf.e58e031215f4e90c019f0403402a416f.jpg,Speed limit 30 Kph,0.43415483832359314,38.56176758,90.91554260253906,594.2801513671875,553.6726074
00001_00036_00029_png_jpg.rf.59846331b42bddc25efe493b33854b72.jpg,Speed limit 30 Kph,0.9262118339538574,6.682861328,117.43341064453125,601.7506103515625,582.0777587890625
00001_00037_00000_png_jpg.rf.9fbb999374c9485bd079da37169e17bb.jpg,No_Over_Taking,0.9186944365501404,59.12268066,122.4041748046875,600.5614624023438,575.7157592773438
00001_00037_00001_png_jpg.rf.c73f519b911aab2c09cd5681070531df.jpg,No_Over_Taking,0.9226046204566956,57.0423584,116.66258239746094,601.8738403320312,575.6181641
00001_00037_00002_png_jpg.rf.204f7978a11bd8b18f925a902b124322.jpg,"No_Over_Taking, No_Over_Taking, Speed limit 30 Kph",0.3234217166900635,0.067306519,143.18373107910156,140.84568786621094,638.1092529296875
00001_00037_00003_png_jpg.rf.8d1b2b93436d10e053987b3b2d5546c7.jpg,Speed limit 30 Kph,0.9183930158615112,46.99731445,127.07029724121094,603.3182373046875,591.6879883
00001_00037_00004_png_jpg.rf.25f2a3a8c689980c3c8cb93ba8df120c.jpg,"Speed limit 30 Kph, No_Over_Taking",0.9283352494239807,28.19256591796875,111.38714599609375,624.6495361328125,588.9475708007812
00001_00037_00005_png_jpg.rf.a59b374ea3d51439e2c0d237d5e36155.jpg,Speed limit 30 Kph,0.9285479187965393,26.76959228515625,88.58656311035156,618.4414672851562,590.0706787109375
00001_00037_00006_png_jpg.rf.6a136c44ff5d0eb660c3d04d5a8521f2.jpg,Speed limit 30 Kph,0.9329276084899902,49.62060547,120.8933105,612.3289794921875,620.5580444335938
00001_00037_00007_png_jpg.rf.3b16db90ce7ee555138dc0cf8ff7cf6d.jpg,Speed limit 30 Kph,0.9294635057449341,33.04528809,98.88182067871094,606.9681396484375,601.8903809
00001_00037_00008_png_jpg.rf.c8cef0af446f2c891baa5ce196844125.jpg,Speed limit 30 Kph,0.9271629452705383,28.60522461,74.80755615234375,610.277832,615.8609008789062
00001_00037_00010_png_jpg.rf.2d4cc8e449ee68fbc0fe79fb3eebce34.jpg,Speed limit 30 Kph,0.9307765960693359,20.72155762,50.92468262,640,607.9777832
00001_00037_00011_png_jpg.rf.0556568b917ef8eb6b7811d5f97d6ee5.jpg,Speed limit 30 Kph,0.9331726431846619,18.38751220703125,70.82531738,622.2578735351562,614.7954711914062
00001_00037_00012_png_jpg.rf.4fd22cfbc188f4c05bc7a075484941c4.jpg,Speed limit 30 Kph,0.9296137094497681,24.35839844,49.21179199,621.0421142578125,622.8886719
00001_00037_00013_png_jpg.rf.eafd5b0cae62f5148a41ee888eb55d89.jpg,Speed limit 30 Kph,0.9323846697807312,17.04272461,42.32141113,610.3001708984375,613.8104248046875
00001_00037_00020_png_jpg.rf.85de20ddcad014c86a9a93048a1ff875.jpg,Speed limit 30 Kph,0.3530920445919037,36.818756103515625,158.95294189453125,505.6346130371094,549.2596435546875
00001_00037_00021_png_jpg.rf.6581eabecc31f9b965eebfa670bb3101.jpg,Speed limit 30 Kph,0.2655930519104004,80.88061523,156.46405029296875,541.3507080078125,555.5252685546875
00001_00037_00022_png_jpg.rf.56e2ba834d3f957978eae75be9f6b812.jpg,Speed limit 30 Kph,0.9193874597549438,103.90301513671875,121.44575500488281,569.8482666015625,546.3711547851562
00001_00037_00023_png_jpg.rf.3ee94cda71783f531963886d36e22c3d.jpg,Speed limit 30 Kph,0.9152756929397583,50.47973633,96.27001953,583.6312255859375,545.2017822265625
00001_00037_00024_png_jpg.rf.1e605f451bebc87ad17d3a9d66b0bd17.jpg,Speed limit 30 Kph,0.9209600687026978,61.04772949,97.78260803222656,604.7904663085938,586.2697754
00001_00037_00025_png_jpg.rf.1001b596fb6db1f0c696c937ec7ca36e.jpg,Speed limit 30 Kph,0.93968904,42.19030762,76.31341552734375,600.5830078,589.4002685546875
00001_00037_00027_png_jpg.rf.0856ae0ae28abcc7aaa4570523792f02.jpg,Speed limit 30 Kph,0.8594834804534912,74.99761962890625,138.4066162109375,555.2584838867188,530.2695313
00001_00037_00028_png_jpg.rf.ebfb0a524ec407287efc10fcc0fbd0f9.jpg,Speed limit 30 Kph,0.6461793780326843,3.396118164,0.069213867,629.4063720703125,106.59249877929688
00001_00037_00029_png_jpg.rf.58d5e04c7a9d06064b4e534b18e7e047.jpg,Speed limit 30 Kph,0.8985262513160706,59.93348693847656,88.66088867,562.5450439453125,518.0018310546875
00001_00038_00000_png_jpg.rf.92dac6487dd3ed2d728274b7026000d0.jpg,Speed limit 30 Kph,0.9082281589508057,84.91888427734375,137.23382568359375,553.4033813476562,550.1213989257812
00001_00038_00001_png_jpg.rf.4844e6bebc3dbaffcd1368858fc59782.jpg,No_Over_Taking,0.9226640462875366,54.3112793,121.99839782714844,566.4433594,546.2830810546875
00001_00038_00002_png_jpg.rf.d280f551b0833cebfe33098c428e4cad.jpg,Speed limit 30 Kph,0.9315940737724304,77.01885986328125,113.93524169921875,571.1104736328125,564.3895874023438
00001_00038_00003_png_jpg.rf.15fc7e73b941ae5c6d8cbf046f7951af.jpg,,0.9337558150291443,86.65287780761719,108.78584289550781,578.5222778320312,556.3065795898438
00001_00038_00004_png_jpg.rf.84de64bf5e13b8ea16687e9d2f22ec88.jpg,Speed limit 30 Kph,0.9306462407112122,32.37744141,66.14160156,606.4116211,571.8937377929688
00001_00038_00006_png_jpg.rf.ad7b99548efe9c8dafee27b9eca5a8f1.jpg,Speed limit 30 Kph,0.8711116313934326,80.08009338378906,33.87133789,581.3487548828125,571.5637207
00001_00038_00007_png_jpg.rf.00687ba43cf95bf7b5fc0a5b4a6b33fd.jpg,Speed limit 30 Kph,0.7372113466262817,84.46437072753906,40.64337158203125,583.2023926,545.7052612304688
00001_00038_00008_png_jpg.rf.19139993c56c1abd9a7cbc8759a4ce39.jpg,Speed limit 30 Kph,0.9400639533996582,88.00042724609375,94.39166259765625,549.6450195,548.1414794921875
00001_00038_00016_png_jpg.rf.f694f3727ae3afd0bdf898d2deee41db.jpg,Speed limit 30 Kph,0.9458566904067993,53.26007080078125,48.57873535,574.7088623046875,580.4646606445312
00001_00038_00017_png_jpg.rf.e37da44a5074e2023cc499fc19cd1d88.jpg,Speed limit 30 Kph,0.9184889197349548,61.68939208984375,78.84620666503906,554.1831665039062,543.5523681640625
00001_00038_00024_png_jpg.rf.11f62f29281e5fb5b8f1b3863f216e31.jpg,Speed limit 30 Kph,0.9044406414031982,62.34545898,74.96734619140625,578.3478393554688,571.6669922
00001_00038_00028_png_jpg.rf.0b022cbcbfd14329b2c73156f8eac91f.jpg,Speed limit 30 Kph,0.905933678,35.85424805,86.03285217285156,566.5158081054688,588.7196044921875
00001_00039_00001_png_jpg.rf.5b93cd8eaf3273bab51b6a817023f495.jpg,Speed limit 30 Kph,0.8937892317771912,45.72485352,42.56066895,608.3870849609375,581.8907470703125
00001_00039_00002_png_jpg.rf.05d0c7ffaaf30fd3333c79240df0c6a4.jpg,Speed limit 30 Kph,0.9236192107200623,31.21075439453125,35.97021484,625.2235717773438,585.6345215
00001_00039_00004_png_jpg.rf.bba62b0c0aae57fd2725f60163e4f393.jpg,Speed limit 30 Kph,0.9276697635650635,26.59069824,21.14990234,629.0395508,611.5391845703125
00001_00039_00005_png_jpg.rf.f07a16623549284827146073d7e7db74.jpg,Speed limit 30 Kph,0.7444031238555908,125.03984069824219,49.37304688,574.0768432617188,523.6417236328125
00001_00039_00013_png_jpg.rf.e1ee08875df5b872fdf5350e8a0d11d5.jpg,Speed limit 30 Kph,0.8389980792999268,387.7447509765625,290.3095703,443.3819580078125,365.5310059
00001_00039_00014_png_jpg.rf.00c6221fd94fdfadc3fd2eed73749554.jpg,Speed limit 30 Kph,0.9415817260742188,211.42022705078125,26.20495605,443.11932373046875,365.8500977
00022_00005_00028_png_jpg.rf.fc3a84982e1f029edbf89b64420f4fc4.jpg,Uneven Road,0.8178343772888184,33.380035400390625,46.21564483642578,408.3944091796875,257.07830810546875
00022_00006_00011_png_jpg.rf.8000842fc66e1dadddd8a1403a9a0d04.jpg,Uneven Road,0.8420493602752686,477.67852783203125,285.2163086,539.2445678710938,366.0205078
00022_00007_00005_png_jpg.rf.0da72592c528d0ad0a166fdf85657250.jpg,Uneven Road,0.7916317582130432,247.777832,60.00714111328125,304.7144775390625,132.19830322265625
00022_00007_00012_png_jpg.rf.b74656a9c851e3a4c87b9b17d86721e2.jpg,Uneven Road,0.8565242290496826,290.75543212890625,335.0336608886719,354.68902587890625,392.5094299316406
00022_00007_00021_png_jpg.rf.8e40bacfc7ade02e07a5c716d58ea7dc.jpg,Uneven Road,0.8735723495483398,225.89662170410156,275.37066650390625,386.2462158203125,390.45733642578125
00041_00000_00005_png_jpg.rf.1f281ba92a999eab4b18c99e6af40415.jpg,No_Over_Taking,0.9004504680633545,232.4862518310547,196.67984008789062,295.64666748046875,242.80404663085938
00041_00000_00007_png_jpg.rf.ba98ef78150f84a4fe7f82e4fe6c2102.jpg,No_Over_Taking,0.869718611,262.58905029296875,310.5790100097656,307.0103759765625,344.2842712402344
00041_00000_00011_png_jpg.rf.a97d98db7096c66f40ddbb7fe25fa66c.jpg,No_Over_Taking,0.8202713131904602,311.68194580078125,310.6596374511719,353.6014404296875,342.7586364746094
00041_00000_00016_png_jpg.rf.6395e3883526af4085f6c5aa2b083e6d.jpg,No_Over_Taking,0.878864586,268.81427001953125,101.79014587402344,386.9976806640625,178.59242248535156
00041_00000_00020_png_jpg.rf.0b64a37932e4132d238716ec81bada08.jpg,No_Over_Taking,0.8363661766052246,277.9376220703125,177.61721801757812,377.798584,249.10464477539062
00041_00000_00026_png_jpg.rf.69d2df7979c7b170236421a88cdc057b.jpg,No_Over_Taking,0.8951237201690674,204.18026733398438,190.00457763671875,293.8149108886719,252.5006103515625
00041_00001_00004_png_jpg.rf.7c6e9a55221f6f9d54dbccbdfb0d642d.jpg,No_Over_Taking,0.865874171,200.26803588867188,124.4230957,303.35797119140625,189.87802124023438
road109_png.rf.2a782d451b47d5a1e81df530364c41b4.jpg,Speed limit 40 Kph,0.8869669437408447,355.0440673828125,156.5195313,495.4724121,262.9671325683594
road112_png.rf.07f5ff2bfe60e2ca4ad52db55cf4fdd3.jpg,Speed limit 120 Kph,0.8275662064552307,194.12103271484375,126.08319854736328,350.5910645,249.2587891
road125_png.rf.3fe28e75e9fbaee1152fda2c9d4dbf46.jpg,Crosswalk,0.9059382677078247,267.029541,162.11087036132812,525.7545166015625,357.0328674316406
road130_png.rf.945f1128ba0f3c9be5126b81c4672a8e.jpg,"Crosswalk, Crosswalk",0.8079849481582642,239.3511962890625,0,530.8685302734375,168.67584228515625
road171_png.rf.7ea8e3a9c28cf4814fd579e188044049.jpg,Crosswalk,0.8803744316101074,232.68304443359375,211.80722045898438,362.0860595703125,304.3373107910156
road201_png.rf.b7610e2896fa0a14445b56bf14535254.jpg,Speed limit 40 Kph,0.8766812682151794,223.15110778808594,113.35552215576172,369.8997802734375,213.50323486328125
road215_png.rf.4edc0cb4d47865736d30f91c0c7b2ffb.jpg,Speed limit 70 Kph,0.8963366746902466,125.80303955078125,222.22694396972656,320.0001220703125,368.4176025390625
road233_png.rf.0de0b579d8cdfed521c9c71a2ba9be19.jpg,"Speed limit 100 Kph, Speed limit 120 Kph",0.8749318718910217,333.095459,259.62774658203125,405.0563965,316.8354492
road266_png.rf.6758128516cb31bc59fc9f45f92223ab.jpg,"Speed bump ahead, Speed limit 40 Kph",0.866074264,321.0012207,193.26849365234375,413.4355469,258.5065002441406
road267_png.rf.e816cfdb18e7f74212774c62e394ab10.jpg,"Speed limit 40 Kph, Speed bump ahead",0.8506178855895996,269.3352051,300.505127,369.7178955078125,375.46759033203125
road277_png.rf.d450897af73e8b0e85aa3188d9ff3b4d.jpg,"Speed bump ahead, Speed limit 40 Kph",0.33847033977508545,264.64019775390625,222.6972656,374.75042724609375,298.48797607421875
road279_png.rf.0af18c4eaad5c115ce2eec0dc4534a77.jpg,"Speed limit 40 Kph, Speed bump ahead",0.8450949192047119,278.53314208984375,190.77804565429688,390.80499267578125,267.6425476074219
road284_png.rf.6efca33c41e8e828bd97ef2a70f940c2.jpg,"Speed bump ahead, Speed limit 40 Kph",0.8446871042251587,145.30557250976562,449.5933837890625,230.14895629882812,512.7305908203125
road289_png.rf.a99894307ed2b64ec9d32eb8614aca7b.jpg,Stop_Sign,0.8366370797157288,283.1896057128906,272.5604248046875,378.3061828613281,342.4650879
road298_png.rf.c2c2d5befdc3a3525eb2021a308cf6a0.jpg,"Speed limit 40 Kph, Speed bump ahead",0.7209697365760803,73.89611816,458.8392333984375,114.27743530273438,497.2110595703125
road319_png.rf.068f2884e6f108e7f7ac422b23e909d6.jpg,"Speed limit 40 Kph, CYCLE ROUTE AHEAD WARNING, One way road",0.37942174077033997,202.58172607421875,408.97723388671875,232.8347168,444.24420166015625
road321_png.rf.2dc77646db116bfe951462b4ab709b3f.jpg,"Crosswalk, Speed bump ahead, Speed limit 40 Kph, Speed limit, One way road",0.9370456337928772,130.68682861328125,246.7942352294922,268.7007751464844,326.80865478515625
road330_png.rf.1d6e7d058302d1e79c36d3bfed8c4279.jpg,"One way road, Speed limit 40 Kph",0.8495572209358215,180.21804809570312,156.52120971679688,280.7154541015625,246.46893310546875
road333_png.rf.fb07c232c6b378aec370eaf7e1d46680.jpg,"Speed limit 40 Kph, Dangerous Right Curve Ahead, Speed limit",0.8730631470680237,316.16876220703125,354.80902099609375,459.50848388671875,459.41693115234375
road351_png.rf.b573a808371ff05c5097774b90a3beab.jpg,"Speed limit 40 Kph, One way road",0.86011219,310.8984680175781,467.4974365234375,455.7723083496094,574.5999755859375
road376_png.rf.1d33089515b18b4d206a7ea12693e78b.jpg,"Speed limit 30 Kph, Speed bump ahead",0.6226061582565308,311.8746032714844,234.35684204101562,478.4054260253906,347.5757141113281
road383_png.rf.baab6bd1cfaf7d8f129ec8304c1b9c5a.jpg,Speed limit 70 Kph,0.9009254574775696,231.95742797851562,175.6612548828125,417.4052429199219,307.88177490234375
road392_png.rf.9032a56398f09ffebe6ff2c6c3b744c2.jpg,Speed limit 100 Kph,0.5742688179016113,148.09487915039062,312.6197509765625,280.4923095703125,451.5734863
road393_png.rf.23b3ecf5a3b9a37adf433b36b5e4065e.jpg,Speed limit 100 Kph,0.9384018778800964,80.01187133789062,306.7364196777344,296.6483459472656,464.4349060058594
road403_png.rf.ef063bb381b542ac8cf86fe5b0d47f76.jpg,Speed limit 90 Kph,0.8680086135864258,63.159088134765625,142.41876220703125,312.7106934,305.03179931640625
road406_png.rf.921b5382a173a9f6bc4beec7df62a249.jpg,Speed limit 100 Kph,0.8530574440956116,266.91668701171875,350.42095947265625,334.55914306640625,398.60479736328125
road410_png.rf.124096a5e6484db855245a6a1f259794.jpg,Speed limit 100 Kph,0.8694276809692383,309.05316162109375,321.47418212890625,383.49407958984375,376.15240478515625
road413_png.rf.8107b72aa82733b2f205542a988ffbf8.jpg,Speed limit 100 Kph,0.8494906425476074,307.5641784667969,404.15179443359375,388.7856750488281,462.60992431640625
road416_png.rf.d49f1e6abf43088d87f8b1431c50370a.jpg,Speed limit 100 Kph,0.9299910068511963,226.9097900390625,258.3475646972656,368.6777344,372.7356872558594
road420_png.rf.52972fac434c2d14645d2f53a2c6f541.jpg,Speed limit 90 Kph,0.8847895264625549,240.2563018798828,368.3718566894531,300.46038818359375,415.2480163574219
road425_png.rf.4d460fd58840b62a9180f61f10cd784f.jpg,"Speed limit 90 Kph, Speed limit",0.8625921607017517,305.60784912109375,175.1414794921875,381.43292236328125,228.1789551
road430_png.rf.3678ffb1c1b414d09fa1e23e9a30287a.jpg,Speed limit 90 Kph,0.8513023257255554,309.9875488,292.49102783203125,388.66925048828125,348.83563232421875
road437_png.rf.c9d2c73213e8768c3b0fdb7afe51e43e.jpg,Speed limit 90 Kph,0.8885862827301025,138.13909912109375,153.8149414,319.91497802734375,289.5428466796875
road438_png.rf.0e638938f62dc69ec51709138888c391.jpg,Speed limit 90 Kph,0.9257760047912598,271.54339599609375,339.467041,411.74005126953125,445.7139892578125
road443_png.rf.461b56a1996dd50d589d5aa1eea42ea8.jpg,Speed limit 90 Kph,0.9054925441741943,174.56155395507812,312.317627,302.7201843261719,406.7835693359375
road466_png.rf.a02d89dd10a63824f243e5d4d86c61b1.jpg,"Crosswalk, Speed limit, Speed limit 80 Kph",0.8814571499824524,179.80264282226562,410.77386474609375,307.8421325683594,505.1402587890625
road470_png.rf.393768fbd6c3a257bccf6668592c971d.jpg,"Speed limit 80 Kph, Speed limit",0.37370505928993225,376.9722900390625,381.2457275390625,480.1595458984375,457.6525879
road484_png.rf.f07f08fe32f5e6f71eee4d0a6593f898.jpg,"Speed limit, Speed limit 80 Kph",0.927693784,349.77899169921875,388.85711669921875,433.13531494140625,452.02423095703125
road488_png.rf.b74cd7bac178d0061c18224f05efa8af.jpg,"Speed limit 80 Kph, Speed limit",0.909885824,68.68574523925781,415.0126953,166.21022033691406,488.4271240234375
road494_png.rf.a31e2be1660d61e99ffe486e299de4c6.jpg,"Stop_Sign, Speed limit 80 Kph",0.9071165323257446,217.61978149414062,238.2264862060547,304.0376892089844,300.07696533203125
road514_png.rf.78759e85566d6aee5e7e5ca3c74022e6.jpg,Speed limit 80 Kph,0.962917149,137.25314331054688,89.35543823242188,327.1224365234375,226.54840087890625
road538_png.rf.3331f1deb0e4a735027475de5b485a8f.jpg,"Speed limit 40 Kph, Speed bump ahead",0.8965925574302673,129.82394409179688,235.09320068359375,324.6647033691406,374.49114990234375
road541_png.rf.1de72c3119c0c5bebdb35bd061058379.jpg,"Speed limit 40 Kph, Speed bump ahead",0.8569582104682922,271.80426025390625,416.88812255859375,471.19232177734375,567.4689331054688
road562_png.rf.6fd467ce4361233c4a2646292b4f0408.jpg,"Speed limit 40 Kph, Crosswalk, Speed bump ahead",0.9112384915351868,142.52911376953125,297.5926818847656,270.8469238,395.9811096191406
road591_png.rf.993a6ce7d1c689f7cbde504439b525d1.jpg,"Speed limit, Speed limit 80 Kph",0.7827632427215576,34.21978759765625,315.4492188,128.48898315429688,385.6912841796875
road606_png.rf.47e9be9e9dd6697ee32693b7c9ea8222.jpg,Speed limit 80 Kph,0.9718250036239624,109.0096435546875,191.61968994140625,356.08099365234375,368.09808349609375
road614_png.rf.f9136199e512975d6f23cb453eb2806e.jpg,Speed limit 60 Kph,0.9439995884895325,109.2279052734375,370.7235107421875,362.66693115234375,551.8635254
road620_png.rf.8c9161c8dd2eb089bd115c3bb86cc669.jpg,Speed limit 50 Kph,0.3714084327220917,173.9002685546875,556.9465332,304.3251037597656,639.9829102
road625_png.rf.aa4d63babeccaf2cf927a092dba48e7c.jpg,Speed limit 50 Kph,0.8967925310134888,386.9885254,195.112793,475.4102783203125,263.6875915527344
road670_png.rf.fc8fb8c9a4e933b50ebc0c35296ef7c1.jpg,"Speed limit 40 Kph, Speed bump ahead",0.8083454370498657,388.28668212890625,267.0890197753906,475.46990966796875,332.3421936035156
road681_png.rf.f4f6a279ee139c9a315240fcd0f5fcf2.jpg,"Speed limit, Speed limit 40 Kph, Speed bump ahead, Crosswalk",0.9788057208061218,175.1241455078125,149.34103393554688,449.09710693359375,357.7491760253906
road686_png.rf.7c70de69c74a8959b0aae34aea41895c.jpg,"Speed limit 40 Kph, Speed bump ahead",0.9357414841651917,165.5912628173828,367.45843505859375,444.72344970703125,577.7706909179688
road68_png.rf.61f05ca760167ffd7ca6125f64fd3714.jpg,Stop_Sign,0.878331184,374.68487548828125,234.10543823242188,441.59063720703125,283.4763488769531
road709_png.rf.98da38a3ee3f68314c5705541f8a27e1.jpg,"Speed limit 120 Kph, Speed limit 100 Kph",0.909703791,245.19784545898438,269.79254150390625,323.7309875488281,330.97283935546875
road712_png.rf.acedb4d7b9d0091236a1cf61181ae2b8.jpg,"Speed limit 120 Kph, Speed limit 100 Kph",0.8823777437210083,241.07199096679688,172.68601989746094,333.2246398925781,235.2826385498047
road718_png.rf.d12729d1856c1e49278b79c29c8f3c0b.jpg,"Speed limit 120 Kph, Speed limit 100 Kph",0.8800964951515198,195.79928588867188,324.16815185546875,292.7220458984375,396.2978516
road719_png.rf.519e8c0de79711dccbe027e6ac9129f1.jpg,"No_Over_Taking, Speed limit 40 Kph",0.8556640148162842,181.69473266601562,207.49526977539062,300.8450622558594,286.37042236328125
road720_png.rf.c1f1eb0e218d9a2b9a595a024450b0e6.jpg,"No_Over_Taking, Speed limit 40 Kph",0.8873400688171387,146.57699584960938,197.25784301757812,290.1082763671875,298.3952331542969
road722_png.rf.1a3e372cef1e23e229a38c917ccb1291.jpg,"No_Over_Taking, Speed limit 40 Kph",0.8519544005393982,155.8040771484375,437.90191650390625,281.34381103515625,534.1297607421875
road732_png.rf.7e863f296711e65ca87098e1c93549c3.jpg,"Speed limit 120 Kph, Speed limit 100 Kph",0.8434186577796936,156.97854614257812,350.3288879394531,276.82489013671875,437.5109558105469
road753_png.rf.2c26562189293e926a1c42cf9e8d5177.jpg,"Speed limit 120 Kph, Speed limit 100 Kph",0.9025104641914368,17.31700897216797,315.9298095703125,121.72806549072266,396.9046630859375
road757_png.rf.5fdb5d8bee58b87d74a8779f3e4f51d0.jpg,Speed limit 100 Kph,0.8142583966255188,15.143409729003906,396.2268371582031,115.97237396240234,470.6612243652344
road772_png.rf.6cfd05de0ab893efe5ccc7ba7930bc0a.jpg,Speed limit 50 Kph,0.9562456011772156,164.2581787109375,71.53585815429688,371.96221923828125,222.07720947265625
road779_png.rf.a2844475bbd44dcbb08d27b85632d41c.jpg,Speed limit 60 Kph,0.8916438221931458,533.175293,128.67144775390625,640,231.9050293
road809_png.rf.0cb5ed459ddd434d53733fd9895acb17.jpg,Speed limit 90 Kph,0.9094185829162598,259.7962951660156,353.44586181640625,323.9325866699219,402.60247802734375
road80_png.rf.921c118a58822ee7089b07d9b461e09b.jpg,Stop_Sign,0.8745632767677307,163.78854370117188,204.49746704101562,277.9087219238281,290.98504638671875
road819_png.rf.02f9894c07257a2754b3dbe195d84409.jpg,Stop_Sign,0.8707419633865356,271.4116211,228.88079833984375,408.276123,330.5766602
road829_png.rf.ab16e0808c4acb667175dce8fdd32f7f.jpg,Speed limit 80 Kph,0.8619502186775208,266.8852539,77.29937744140625,413.1988525390625,171.82321166992188
road831_png.rf.e68a2d245ba60bca05f713b2d8238752.jpg,Speed limit 80 Kph,0.8930854797363281,296.0378418,397.58697509765625,383.7452392578125,462.38897705078125
road835_png.rf.75b32e186fe98ef5a598dd4d9629ee45.jpg,Speed limit 80 Kph,0.8813632130622864,296.41180419921875,301.9495849609375,388.80572509765625,362.3117676
road837_png.rf.89825d33b22fcbc470ea54429a536de3.jpg,Speed limit 80 Kph,0.8261275291442871,77.43138122558594,377.49993896484375,139.8922119140625,425.17242431640625
road856_png.rf.1bad31c3be4aad985dd51bc567c020d3.jpg,"Speed limit 80 Kph, -Road narrows on right",0.6568648219108582,0.3521270751953125,431.85247802734375,53.986141204833984,467.91973876953125
road859_png.rf.2eeb834aca6185ad23a69f58c585edb2.jpg,Speed limit 80 Kph,0.8734844326972961,126.60076904296875,429.12615966796875,363.05535888671875,607.3894653320312
road863_png.rf.e1354b63dc3d014174598fb9f071c932.jpg,"Speed limit 60 Kph, -Road narrows on right",0.8397186398506165,112.48519897460938,157.79208374023438,365.95355224609375,326.5965576171875
road871_png.rf.b8d3a3ec98ee98a5985eb04d79f7307b.jpg,"Speed bump ahead, Speed limit 40 Kph",0.9189983010292053,63.74310302734375,21.57446289,580.3777465820312,398.92901611328125
road88_png.rf.6e8b93fc30f2728edd53a5ae1c11df77.jpg,Stop_Sign,0.892142117,284.612793,359.8749694824219,335.4067383,398.0199279785156
road95_png.rf.8c3d9f6c296d773e57228a520d7e11b2.jpg,Stop_Sign,0.7990188598632812,286.3015137,301.86749267578125,336.9188232421875,340.87554931640625
,,,,,,
,,,,,,
,,,,,,
,,,,,,
,,,,,,
,,,,,,
,,,,,,
,,,,,,
,,,,,,
,,,,,,
,,,,,,
,,,,,,
,,,,,,
,,,,,,
,,,,,,
,,,,,,
,,,,,,
,,,,,,
,,,,,,
,,,,,,
,,,,,,
,,,,,,
,,,,,,
,,,,,,
,,,,,,
,,,,,,
,,,,,,
,,,,,,
,,,,,,
,,,,,,
,,,,,,
,,,,,,
,,,,,,
,,,,,,
